{
    "Version": "2012-10-17",
    "Statement": [
        {
            "Effect": "Allow",
            "Action": "logs:CreateLogGroup",
            "Resource": "arn:aws:logs:REGION:<ACCOUNT_NUMBER>:*"
        },
        {
            "Effect": "Allow",
            "Action": [
                "logs:CreateLogStream",
                "logs:PutLogEvents"
            ],
            "Resource": [
                "arn:aws:logs:REGION:<ACCOUNT_NUMBER>:log-group:</aws/lambda/log_group_name>:*"
            ]
        }
    ]
}